{
  "6EM6": -0.5325,
  "6BM6": -0.073,
  "6JM6": 0.74353,
  "6AM6": 0.10549999999999997,
  "6CM6": 0.4804333333333334,
  "6NM6": -0.39883333333333326,
  "6SM6": 0.85,
  "EURUSD": -0.5325,
  "GBPUSD": -0.073,
  "USDJPY": 0.74353,
  "AUDUSD": 0.10549999999999997,
  "USDCAD": 0.4804333333333334,
  "NZDUSD": -0.39883333333333326,
  "USDCHF": 0.85
}