{
  "total_trades": 1549,
  "win_rate": 0.133,
  "total_pnl": -522.43,
  "final_balance": 9369.14,
  "sharpe_ratio": -9.007,
  "profit_factor": 0.3175,
  "expectancy": -0.3373,
  "max_drawdown": 630.86,
  "max_drawdown_pct": 6.31,
  "avg_win": 1.18,
  "avg_loss": -0.57,
  "best_trade": 1.18,
  "worst_trade": -0.57,
  "avg_pnl_pips": -2.67,
  "exit_reasons": {
    "STOP_LOSS": 1343,
    "TAKE_PROFIT": 206
  },
  "direction_stats": {
    "BUY": {
      "count": 778,
      "wins": 102,
      "win_rate": 0.13110539845758354,
      "pnl": -264.96
    },
    "SELL": {
      "count": 771,
      "wins": 104,
      "win_rate": 0.13488975356679636,
      "pnl": -257.46999999999997
    }
  },
  "tick_count": 1488336
}